id,user_id,title,description,layout_type,settings,stats,tags,is_public,created_at,updated_at
63b7db08-413f-4cd6-b08f-ad3ba382c38b,f3dedf79-5c5e-40fd-9513-d0fb0995d429,我的创作脉络,,tree,"{""theme"":""tianjin"",""autoSave"":true,""gridSize"":20,""showGrid"":true,""layoutType"":""tree"",""snapToGrid"":false}","{""maxDepth"":0,""totalNodes"":0,""cultureNodes"":0,""lastActivityAt"":1770995404274,""aiGeneratedNodes"":0}","[]",false,"""2026-02-13T15:10:04.161Z""","""2026-02-13T15:10:04.161Z"""
b68df63f-1dd2-48b3-8b5b-3f9ec70ee738,f3dedf79-5c5e-40fd-9513-d0fb0995d429,我的创作脉络,,tree,"{""theme"":""tianjin"",""autoSave"":true,""gridSize"":20,""showGrid"":true,""layoutType"":""tree"",""snapToGrid"":false}","{""maxDepth"":0,""totalNodes"":0,""cultureNodes"":0,""lastActivityAt"":1771146315718,""aiGeneratedNodes"":0}","[]",false,"""2026-02-15T09:05:16.206Z""","""2026-02-15T09:05:16.206Z"""
5a038864-6219-454e-83a2-c7af90b9240c,f3dedf79-5c5e-40fd-9513-d0fb0995d429,我的创作脉络,,tree,"{""theme"":""tianjin"",""autoSave"":true,""gridSize"":20,""showGrid"":true,""layoutType"":""tree"",""snapToGrid"":false}","{""maxDepth"":0,""totalNodes"":0,""cultureNodes"":0,""lastActivityAt"":1771147056547,""aiGeneratedNodes"":0}","[]",false,"""2026-02-15T09:17:37.081Z""","""2026-02-15T09:17:37.081Z"""
5bc78d4b-6c13-4f3f-be1a-303ab2428798,45713305-2bc4-48ad-8733-265a379be671,我的创作脉络,,timeline,"{""theme"":""tianjin"",""autoSave"":true,""gridSize"":20,""showGrid"":true,""layoutType"":""timeline"",""snapToGrid"":false}","{""maxDepth"":0,""totalNodes"":11,""cultureNodes"":0,""lastActivityAt"":""2026-02-20 13:28:25.917503+00"",""aiGeneratedNodes"":11}","[]",false,"""2026-02-20T13:28:21.192Z""","""2026-02-20T13:28:25.917Z"""
cb32c220-3578-446e-9823-2522f6b8110a,f3dedf79-5c5e-40fd-9513-d0fb0995d429,我的创作脉络,,tree,"{""theme"":""tianjin"",""autoSave"":true,""gridSize"":20,""showGrid"":true,""layoutType"":""tree"",""snapToGrid"":false}","{""maxDepth"":0,""totalNodes"":0,""cultureNodes"":0,""lastActivityAt"":""2026-02-13 14:37:42.800304+00"",""aiGeneratedNodes"":0}","[]",false,"""2026-02-11T23:53:19.514Z""","""2026-02-11T23:53:19.514Z"""
b206bd55-ca7d-43fe-bea7-e7e157041348,f3dedf79-5c5e-40fd-9513-d0fb0995d429,我的创作脉络,,tree,"{""theme"":""tianjin"",""autoSave"":true,""gridSize"":20,""showGrid"":true,""layoutType"":""tree"",""snapToGrid"":false}","{""maxDepth"":0,""totalNodes"":0,""cultureNodes"":0,""lastActivityAt"":1770995404281,""aiGeneratedNodes"":0}","[]",false,"""2026-02-13T15:10:04.181Z""","""2026-02-13T15:10:04.181Z"""
8aec88ec-7167-4d0c-9a31-e2a2b9b17088,f3dedf79-5c5e-40fd-9513-d0fb0995d429,我的创作脉络,,tree,"{""theme"":""tianjin"",""autoSave"":true,""gridSize"":20,""showGrid"":true,""layoutType"":""tree"",""snapToGrid"":false}","{""maxDepth"":0,""totalNodes"":0,""cultureNodes"":0,""lastActivityAt"":1771146315720,""aiGeneratedNodes"":0}","[]",false,"""2026-02-15T09:05:16.278Z""","""2026-02-15T09:05:16.278Z"""
d22d9adc-ce6e-4ff1-b24b-23dfb0f7e892,f3dedf79-5c5e-40fd-9513-d0fb0995d429,我的创作脉络,,tree,"{""theme"":""tianjin"",""autoSave"":true,""gridSize"":20,""showGrid"":true,""layoutType"":""tree"",""snapToGrid"":false}","{""maxDepth"":0,""totalNodes"":0,""cultureNodes"":0,""lastActivityAt"":1771147684515,""aiGeneratedNodes"":0}","[]",false,"""2026-02-15T09:28:05.056Z""","""2026-02-15T09:28:05.056Z"""
0a5324ea-08c3-4817-ab6a-1dcca66f1cf1,78340927-c853-4978-a90f-f54d7c6883d2,我的创作脉络,,tree,"{""theme"":""tianjin"",""autoSave"":true,""gridSize"":20,""showGrid"":true,""layoutType"":""tree"",""snapToGrid"":false}","{""maxDepth"":0,""totalNodes"":0,""cultureNodes"":0,""lastActivityAt"":1771763811223,""aiGeneratedNodes"":0}","[]",false,"""2026-02-22T12:36:50.582Z""","""2026-02-22T12:36:50.582Z"""
103ca223-9f5a-4073-ae05-8a490ec2fdf1,f3dedf79-5c5e-40fd-9513-d0fb0995d429,我的创作脉络,,tree,"{""theme"":""tianjin"",""autoSave"":true,""gridSize"":20,""showGrid"":true,""layoutType"":""tree"",""snapToGrid"":false}","{""maxDepth"":0,""totalNodes"":0,""cultureNodes"":0,""lastActivityAt"":""2026-02-13 14:37:42.800304+00"",""aiGeneratedNodes"":0}","[]",false,"""2026-02-12T06:25:15.688Z""","""2026-02-12T06:25:15.688Z"""
8ad65aeb-b171-4d74-ad0c-deab10bf928d,f3dedf79-5c5e-40fd-9513-d0fb0995d429,我的创作脉络,,tree,"{""theme"":""tianjin"",""autoSave"":true,""gridSize"":20,""showGrid"":true,""layoutType"":""tree"",""snapToGrid"":false}","{""maxDepth"":0,""totalNodes"":0,""cultureNodes"":0,""lastActivityAt"":1771139995262,""aiGeneratedNodes"":0}","[]",false,"""2026-02-15T07:19:55.834Z""","""2026-02-15T07:19:55.834Z"""
4ded6c72-4b5c-4330-a441-67c0a4eb2e23,f3dedf79-5c5e-40fd-9513-d0fb0995d429,我的创作脉络,,tree,"{""theme"":""tianjin"",""autoSave"":true,""gridSize"":20,""showGrid"":true,""layoutType"":""tree"",""snapToGrid"":false}","{""maxDepth"":0,""totalNodes"":1,""cultureNodes"":1,""lastActivityAt"":""2026-02-13 14:37:42.800304+00"",""aiGeneratedNodes"":0}","[]",false,"""2026-02-12T09:25:13.041Z""","""2026-02-12T09:25:21.211Z"""
af374fbc-f0bd-4461-81fb-8112c615f920,f3dedf79-5c5e-40fd-9513-d0fb0995d429,我的创作脉络,,tree,"{""theme"":""tianjin"",""autoSave"":true,""gridSize"":20,""showGrid"":true,""layoutType"":""tree"",""snapToGrid"":false}","{""maxDepth"":0,""totalNodes"":0,""cultureNodes"":0,""lastActivityAt"":1771146406639,""aiGeneratedNodes"":0}","[]",false,"""2026-02-15T09:06:47.137Z""","""2026-02-15T09:06:47.137Z"""
5561d26d-5a69-46e7-acfe-85d8afbcf256,f3dedf79-5c5e-40fd-9513-d0fb0995d429,我的创作脉络,,tree,"{""theme"":""tianjin"",""autoSave"":true,""gridSize"":20,""showGrid"":true,""layoutType"":""tree"",""snapToGrid"":false}","{""maxDepth"":0,""totalNodes"":1,""cultureNodes"":0,""lastActivityAt"":""2026-02-15 09:38:09.923338+00"",""aiGeneratedNodes"":1}","[]",false,"""2026-02-15T09:28:05.101Z""","""2026-02-15T09:38:09.923Z"""
3db489cf-f7e6-499e-9cf0-0f2e61544a80,78340927-c853-4978-a90f-f54d7c6883d2,我的创作脉络,,tree,"{""theme"":""tianjin"",""autoSave"":true,""gridSize"":20,""showGrid"":true,""layoutType"":""tree"",""snapToGrid"":false}","{""maxDepth"":0,""totalNodes"":0,""cultureNodes"":0,""lastActivityAt"":1771767043797,""aiGeneratedNodes"":0}","[]",false,"""2026-02-22T13:30:42.870Z""","""2026-02-22T13:30:42.870Z"""
44e0c362-13eb-4e45-94ce-b6abb171f7b5,f3dedf79-5c5e-40fd-9513-d0fb0995d429,我的创作脉络,,tree,"{""theme"":""tianjin"",""autoSave"":true,""gridSize"":20,""showGrid"":true,""layoutType"":""tree"",""snapToGrid"":false}","{""maxDepth"":0,""totalNodes"":0,""cultureNodes"":0,""lastActivityAt"":""2026-02-13 14:37:42.800304+00"",""aiGeneratedNodes"":0}","[]",false,"""2026-02-12T10:24:43.374Z""","""2026-02-12T10:24:43.374Z"""
36d07cd3-1b6e-48f9-9005-4f4ac301f5b5,f3dedf79-5c5e-40fd-9513-d0fb0995d429,我的创作脉络,,tree,"{""theme"":""tianjin"",""autoSave"":true,""gridSize"":20,""showGrid"":true,""layoutType"":""tree"",""snapToGrid"":false}","{""maxDepth"":0,""totalNodes"":1,""cultureNodes"":0,""lastActivityAt"":""2026-02-13 14:37:42.800304+00"",""aiGeneratedNodes"":0}","[]",false,"""2026-02-12T10:24:43.353Z""","""2026-02-12T10:24:53.104Z"""
9845a6c7-1d54-4b52-95d3-a0ff7eec12df,f3dedf79-5c5e-40fd-9513-d0fb0995d429,我的创作脉络,,tree,"{""theme"":""tianjin"",""autoSave"":true,""gridSize"":20,""showGrid"":true,""layoutType"":""tree"",""snapToGrid"":false}","{""maxDepth"":0,""totalNodes"":0,""cultureNodes"":0,""lastActivityAt"":""2026-02-13 14:37:42.800304+00"",""aiGeneratedNodes"":0}","[]",false,"""2026-02-12T10:27:42.374Z""","""2026-02-12T10:27:42.374Z"""
952d8f41-8662-411a-9cb8-1c3ac1378bbc,f3dedf79-5c5e-40fd-9513-d0fb0995d429,我的创作脉络,,tree,"{""theme"":""tianjin"",""autoSave"":true,""gridSize"":20,""showGrid"":true,""layoutType"":""tree"",""snapToGrid"":false}","{""maxDepth"":0,""totalNodes"":0,""cultureNodes"":0,""lastActivityAt"":""2026-02-13 14:37:42.800304+00"",""aiGeneratedNodes"":0}","[]",false,"""2026-02-12T10:27:42.378Z""","""2026-02-12T10:27:42.378Z"""
59a40db6-baae-4b3f-b843-ff2f3a7dfb09,f3dedf79-5c5e-40fd-9513-d0fb0995d429,我的创作脉络,,tree,"{""theme"":""tianjin"",""autoSave"":true,""gridSize"":20,""showGrid"":true,""layoutType"":""tree"",""snapToGrid"":false}","{""maxDepth"":0,""totalNodes"":0,""cultureNodes"":0,""lastActivityAt"":""2026-02-13 14:37:42.800304+00"",""aiGeneratedNodes"":0}","[]",false,"""2026-02-13T06:16:28.001Z""","""2026-02-13T06:16:28.001Z"""
a327bd6e-ac22-4593-9337-6d21cd4bdcff,f3dedf79-5c5e-40fd-9513-d0fb0995d429,我的创作脉络,,tree,"{""theme"":""tianjin"",""autoSave"":true,""gridSize"":20,""showGrid"":true,""layoutType"":""tree"",""snapToGrid"":false}","{""maxDepth"":0,""totalNodes"":0,""cultureNodes"":0,""lastActivityAt"":1771139995262,""aiGeneratedNodes"":0}","[]",false,"""2026-02-15T07:19:55.852Z""","""2026-02-15T07:19:55.852Z"""
05531184-1143-4104-ae80-c14bf9a23544,f3dedf79-5c5e-40fd-9513-d0fb0995d429,我的创作脉络,,tree,"{""theme"":""tianjin"",""autoSave"":true,""gridSize"":20,""showGrid"":true,""layoutType"":""tree"",""snapToGrid"":false}","{""maxDepth"":0,""totalNodes"":0,""cultureNodes"":0,""lastActivityAt"":1771146406640,""aiGeneratedNodes"":0}","[]",false,"""2026-02-15T09:06:47.137Z""","""2026-02-15T09:06:47.137Z"""
bacbfabc-99ec-46b4-a9fe-4334794eaa83,f3dedf79-5c5e-40fd-9513-d0fb0995d429,我的创作脉络,,tree,"{""theme"":""tianjin"",""autoSave"":true,""gridSize"":20,""showGrid"":true,""layoutType"":""tree"",""snapToGrid"":false}","{""maxDepth"":0,""totalNodes"":0,""cultureNodes"":0,""lastActivityAt"":1771148304378,""aiGeneratedNodes"":0}","[]",false,"""2026-02-15T09:38:24.868Z""","""2026-02-15T09:38:24.868Z"""
8b26d122-3ce8-45f8-97cd-41d93aa84bdb,478c134c-c5c2-4c01-827b-d142352d4873,我的创作脉络,,tree,"{""theme"":""tianjin"",""autoSave"":true,""gridSize"":20,""showGrid"":true,""layoutType"":""tree"",""snapToGrid"":false}","{""maxDepth"":0,""totalNodes"":7,""cultureNodes"":0,""lastActivityAt"":""2026-02-22 14:12:30.687683+00"",""aiGeneratedNodes"":7}","[]",false,"""2026-02-13T13:33:44.887Z""","""2026-02-22T14:12:30.687Z"""
1a90dd6b-77c7-4bcc-840c-0d1da4d06fb1,f3dedf79-5c5e-40fd-9513-d0fb0995d429,我的创作脉络,,tree,"{""theme"":""tianjin"",""autoSave"":true,""gridSize"":20,""showGrid"":true,""layoutType"":""tree"",""snapToGrid"":false}","{""maxDepth"":0,""totalNodes"":0,""cultureNodes"":0,""lastActivityAt"":1771145747703,""aiGeneratedNodes"":0}","[]",false,"""2026-02-15T08:55:48.175Z""","""2026-02-15T08:55:48.175Z"""
168c113c-3c9c-48d6-a11c-d7fc2562c616,f3dedf79-5c5e-40fd-9513-d0fb0995d429,我的创作脉络,,tree,"{""theme"":""tianjin"",""autoSave"":true,""gridSize"":20,""showGrid"":true,""layoutType"":""tree"",""snapToGrid"":false}","{""maxDepth"":0,""totalNodes"":0,""cultureNodes"":0,""lastActivityAt"":1771145747704,""aiGeneratedNodes"":0}","[]",false,"""2026-02-15T08:55:48.174Z""","""2026-02-15T08:55:48.174Z"""
c3c0ccde-b5f0-4cce-a842-16b05eaab16c,f3dedf79-5c5e-40fd-9513-d0fb0995d429,我的创作脉络,,tree,"{""theme"":""tianjin"",""autoSave"":true,""gridSize"":20,""showGrid"":true,""layoutType"":""tree"",""snapToGrid"":false}","{""maxDepth"":0,""totalNodes"":0,""cultureNodes"":0,""lastActivityAt"":1771146709381,""aiGeneratedNodes"":0}","[]",false,"""2026-02-15T09:11:49.782Z""","""2026-02-15T09:11:49.782Z"""
5eca3f54-3c52-4676-9ace-e049aa403175,f3dedf79-5c5e-40fd-9513-d0fb0995d429,我的创作脉络,,tree,"{""theme"":""tianjin"",""autoSave"":true,""gridSize"":20,""showGrid"":true,""layoutType"":""tree"",""snapToGrid"":false}","{""maxDepth"":0,""totalNodes"":0,""cultureNodes"":0,""lastActivityAt"":1771146709379,""aiGeneratedNodes"":0}","[]",false,"""2026-02-15T09:11:49.788Z""","""2026-02-15T09:11:49.788Z"""
6887c527-3843-438e-ad72-58ef44b460cc,f3dedf79-5c5e-40fd-9513-d0fb0995d429,我的创作脉络,,tree,"{""theme"":""tianjin"",""autoSave"":true,""gridSize"":20,""showGrid"":true,""layoutType"":""tree"",""snapToGrid"":false}","{""maxDepth"":0,""totalNodes"":0,""cultureNodes"":0,""lastActivityAt"":1771148304378,""aiGeneratedNodes"":0}","[]",false,"""2026-02-15T09:38:24.947Z""","""2026-02-15T09:38:24.947Z"""
5ab0eab2-7c98-411e-b8a4-740ab876d53c,06dbee08-83b6-4d14-a5c1-d0794c8a168e,我的创作脉络,,timeline,"{""theme"":""tianjin"",""autoSave"":true,""gridSize"":20,""showGrid"":true,""layoutType"":""timeline"",""snapToGrid"":false}","{""maxDepth"":0,""totalNodes"":24,""cultureNodes"":0,""lastActivityAt"":""2026-03-02 11:37:42.050765+00"",""aiGeneratedNodes"":24}","[]",false,"""2026-02-22T13:42:54.225Z""","""2026-03-02T11:37:42.050Z"""
055a672d-3483-492b-a813-b1dbf863a253,f3dedf79-5c5e-40fd-9513-d0fb0995d429,我的创作脉络,,tree,"{""theme"":""tianjin"",""autoSave"":true,""gridSize"":20,""showGrid"":true,""layoutType"":""tree"",""snapToGrid"":false}","{""maxDepth"":0,""totalNodes"":0,""cultureNodes"":0,""lastActivityAt"":""2026-02-13 14:37:42.800304+00"",""aiGeneratedNodes"":0}","[]",false,"""2026-02-13T13:54:37.624Z""","""2026-02-13T13:54:37.624Z"""
2ef506d7-a8cd-4c22-b7bc-b2f2836d1c0a,f3dedf79-5c5e-40fd-9513-d0fb0995d429,我的创作脉络,,tree,"{""theme"":""tianjin"",""autoSave"":true,""gridSize"":20,""showGrid"":true,""layoutType"":""tree"",""snapToGrid"":false}","{""maxDepth"":0,""totalNodes"":0,""cultureNodes"":0,""lastActivityAt"":1771146221022,""aiGeneratedNodes"":0}","[]",false,"""2026-02-15T09:03:41.819Z""","""2026-02-15T09:03:41.819Z"""
ef0b6103-9ba5-4e90-b344-4d1173fb405f,f3dedf79-5c5e-40fd-9513-d0fb0995d429,我的创作脉络,,tree,"{""theme"":""tianjin"",""autoSave"":true,""gridSize"":20,""showGrid"":true,""layoutType"":""tree"",""snapToGrid"":false}","{""maxDepth"":0,""totalNodes"":0,""cultureNodes"":0,""lastActivityAt"":1771147052643,""aiGeneratedNodes"":0}","[]",false,"""2026-02-15T09:17:33.113Z""","""2026-02-15T09:17:33.113Z"""
24d1c232-7978-40d4-889a-f9b6f66fa3b3,f3dedf79-5c5e-40fd-9513-d0fb0995d429,我的创作脉络,,tree,"{""theme"":""tianjin"",""autoSave"":true,""gridSize"":20,""showGrid"":true,""layoutType"":""tree"",""snapToGrid"":false}","{""maxDepth"":0,""totalNodes"":0,""cultureNodes"":0,""lastActivityAt"":1771148427902,""aiGeneratedNodes"":0}","[]",false,"""2026-02-15T09:40:28.365Z""","""2026-02-15T09:40:28.365Z"""
015388c0-16f4-4cb0-89b7-caa1aef1c395,f3dedf79-5c5e-40fd-9513-d0fb0995d429,我的创作脉络,,tree,"{""theme"":""tianjin"",""autoSave"":true,""gridSize"":20,""showGrid"":true,""layoutType"":""tree"",""snapToGrid"":false}","{""maxDepth"":0,""totalNodes"":0,""cultureNodes"":0,""lastActivityAt"":1771146221023,""aiGeneratedNodes"":0}","[]",false,"""2026-02-15T09:03:41.822Z""","""2026-02-15T09:03:41.822Z"""
8dcecf40-9ec8-457b-8873-1e290bbc66c2,f3dedf79-5c5e-40fd-9513-d0fb0995d429,我的创作脉络,,tree,"{""theme"":""tianjin"",""autoSave"":true,""gridSize"":20,""showGrid"":true,""layoutType"":""tree"",""snapToGrid"":false}","{""maxDepth"":0,""totalNodes"":0,""cultureNodes"":0,""lastActivityAt"":1771147052643,""aiGeneratedNodes"":0}","[]",false,"""2026-02-15T09:17:33.128Z""","""2026-02-15T09:17:33.128Z"""
bf7e4729-11ee-441d-a7eb-930e40ffa0b3,f3dedf79-5c5e-40fd-9513-d0fb0995d429,我的创作脉络,,tree,"{""theme"":""tianjin"",""autoSave"":true,""gridSize"":20,""showGrid"":true,""layoutType"":""tree"",""snapToGrid"":false}","{""maxDepth"":0,""totalNodes"":174,""cultureNodes"":1,""lastActivityAt"":""2026-03-03 14:49:39.722358+00"",""aiGeneratedNodes"":170}","[]",false,"""2026-02-15T09:40:28.452Z""","""2026-03-03T14:49:39.722Z"""
5fc6b774-c094-4614-8892-d32a990e9cae,f3dedf79-5c5e-40fd-9513-d0fb0995d429,我的创作脉络,,tree,"{""theme"":""tianjin"",""autoSave"":true,""gridSize"":20,""showGrid"":true,""layoutType"":""tree"",""snapToGrid"":false}","{""maxDepth"":0,""totalNodes"":0,""cultureNodes"":0,""lastActivityAt"":1771146241648,""aiGeneratedNodes"":0}","[]",false,"""2026-02-15T09:04:02.196Z""","""2026-02-15T09:04:02.196Z"""
72b84b2e-ffeb-4d75-b94e-d6e1ea3ef53f,f3dedf79-5c5e-40fd-9513-d0fb0995d429,我的创作脉络,,tree,"{""theme"":""tianjin"",""autoSave"":true,""gridSize"":20,""showGrid"":true,""layoutType"":""tree"",""snapToGrid"":false}","{""maxDepth"":0,""totalNodes"":0,""cultureNodes"":0,""lastActivityAt"":""2026-02-13 14:37:42.800304+00"",""aiGeneratedNodes"":0}","[]",false,"""2026-02-12T00:14:10.821Z""","""2026-02-12T00:14:10.821Z"""
866d8ece-839d-47c6-ad2d-2fbd14baee88,f3dedf79-5c5e-40fd-9513-d0fb0995d429,我的创作脉络,,tree,"{""theme"":""tianjin"",""autoSave"":true,""gridSize"":20,""showGrid"":true,""layoutType"":""tree"",""snapToGrid"":false}","{""maxDepth"":0,""totalNodes"":1,""cultureNodes"":1,""lastActivityAt"":""2026-02-13 14:37:42.800304+00"",""aiGeneratedNodes"":0}","[]",false,"""2026-02-12T00:14:10.827Z""","""2026-02-12T00:14:34.737Z"""
b35cab4b-8262-4747-86da-8280cdc0f27e,f3dedf79-5c5e-40fd-9513-d0fb0995d429,我的创作脉络,,tree,"{""theme"":""tianjin"",""autoSave"":true,""gridSize"":20,""showGrid"":true,""layoutType"":""tree"",""snapToGrid"":false}","{""maxDepth"":0,""totalNodes"":0,""cultureNodes"":0,""lastActivityAt"":""2026-02-13 14:37:42.800304+00"",""aiGeneratedNodes"":0}","[]",false,"""2026-02-12T00:22:56.245Z""","""2026-02-12T00:22:56.245Z"""
4d0fbf79-1ca1-4e89-ab60-188b3eadd67c,f3dedf79-5c5e-40fd-9513-d0fb0995d429,我的创作脉络,,tree,"{""theme"":""tianjin"",""autoSave"":true,""gridSize"":20,""showGrid"":true,""layoutType"":""tree"",""snapToGrid"":false}","{""maxDepth"":0,""totalNodes"":0,""cultureNodes"":0,""lastActivityAt"":""2026-02-13 14:37:42.800304+00"",""aiGeneratedNodes"":0}","[]",false,"""2026-02-12T00:22:56.245Z""","""2026-02-12T00:22:56.245Z"""
98ba272c-9adb-4466-8252-4a43229f16e2,f3dedf79-5c5e-40fd-9513-d0fb0995d429,我的创作脉络,,tree,"{""theme"":""tianjin"",""autoSave"":true,""gridSize"":20,""showGrid"":true,""layoutType"":""tree"",""snapToGrid"":false}","{""maxDepth"":0,""totalNodes"":0,""cultureNodes"":0,""lastActivityAt"":""2026-02-13 14:37:42.800304+00"",""aiGeneratedNodes"":0}","[]",false,"""2026-02-12T00:23:58.679Z""","""2026-02-12T00:23:58.679Z"""
4e9fade4-c765-43b1-8b04-4e4be0c5d3b4,f3dedf79-5c5e-40fd-9513-d0fb0995d429,我的创作脉络,,tree,"{""theme"":""tianjin"",""autoSave"":true,""gridSize"":20,""showGrid"":true,""layoutType"":""tree"",""snapToGrid"":false}","{""maxDepth"":0,""totalNodes"":0,""cultureNodes"":0,""lastActivityAt"":""2026-02-13 14:37:42.800304+00"",""aiGeneratedNodes"":0}","[]",false,"""2026-02-12T00:23:58.685Z""","""2026-02-12T00:23:58.685Z"""
7cd050b7-9aec-4c46-abbd-7d2fc219a76d,f3dedf79-5c5e-40fd-9513-d0fb0995d429,我的创作脉络,,tree,"{""theme"":""tianjin"",""autoSave"":true,""gridSize"":20,""showGrid"":true,""layoutType"":""tree"",""snapToGrid"":false}","{""maxDepth"":0,""totalNodes"":0,""cultureNodes"":0,""lastActivityAt"":""2026-02-13 14:37:42.800304+00"",""aiGeneratedNodes"":0}","[]",false,"""2026-02-12T00:23:59.570Z""","""2026-02-12T00:23:59.570Z"""
bc1f4f55-287d-424e-85f8-198105ef302a,f3dedf79-5c5e-40fd-9513-d0fb0995d429,我的创作脉络,,tree,"{""theme"":""tianjin"",""autoSave"":true,""gridSize"":20,""showGrid"":true,""layoutType"":""tree"",""snapToGrid"":false}","{""maxDepth"":0,""totalNodes"":0,""cultureNodes"":0,""lastActivityAt"":""2026-02-13 14:37:42.800304+00"",""aiGeneratedNodes"":0}","[]",false,"""2026-02-12T06:01:04.219Z""","""2026-02-12T06:01:04.219Z"""
2a4b8af4-bca4-4e15-9358-e27e61fa13fa,f3dedf79-5c5e-40fd-9513-d0fb0995d429,我的创作脉络,,tree,"{""theme"":""tianjin"",""autoSave"":true,""gridSize"":20,""showGrid"":true,""layoutType"":""tree"",""snapToGrid"":false}","{""maxDepth"":0,""totalNodes"":0,""cultureNodes"":0,""lastActivityAt"":""2026-02-13 14:37:42.800304+00"",""aiGeneratedNodes"":0}","[]",false,"""2026-02-11T23:53:19.449Z""","""2026-02-12T00:24:54.066Z"""
bf7a8a7c-81ae-4b61-b0ba-b1917982f04f,f3dedf79-5c5e-40fd-9513-d0fb0995d429,我的创作脉络,,tree,"{""theme"":""tianjin"",""autoSave"":true,""gridSize"":20,""showGrid"":true,""layoutType"":""tree"",""snapToGrid"":false}","{""maxDepth"":0,""totalNodes"":0,""cultureNodes"":0,""lastActivityAt"":""2026-02-13 14:37:42.800304+00"",""aiGeneratedNodes"":0}","[]",false,"""2026-02-12T00:23:59.571Z""","""2026-02-12T00:25:36.141Z"""
649c18e6-f680-4d0a-bd8d-1e8528db565b,f3dedf79-5c5e-40fd-9513-d0fb0995d429,我的创作脉络,,tree,"{""theme"":""tianjin"",""autoSave"":true,""gridSize"":20,""showGrid"":true,""layoutType"":""tree"",""snapToGrid"":false}","{""maxDepth"":0,""totalNodes"":0,""cultureNodes"":0,""lastActivityAt"":""2026-02-13 14:37:42.800304+00"",""aiGeneratedNodes"":0}","[]",false,"""2026-02-12T01:26:42.155Z""","""2026-02-12T01:26:42.155Z"""
b7672c4c-b71d-4467-be98-e88bb62011bc,f3dedf79-5c5e-40fd-9513-d0fb0995d429,我的创作脉络,,tree,"{""theme"":""tianjin"",""autoSave"":true,""gridSize"":20,""showGrid"":true,""layoutType"":""tree"",""snapToGrid"":false}","{""maxDepth"":0,""totalNodes"":0,""cultureNodes"":0,""lastActivityAt"":""2026-02-13 14:37:42.800304+00"",""aiGeneratedNodes"":0}","[]",false,"""2026-02-12T01:26:42.202Z""","""2026-02-12T01:26:42.202Z"""
f59c4cd3-da68-4bc0-9564-b5519f13e981,478c134c-c5c2-4c01-827b-d142352d4873,我的创作脉络,,tree,"{""theme"":""tianjin"",""autoSave"":true,""gridSize"":20,""showGrid"":true,""layoutType"":""tree"",""snapToGrid"":false}","{""maxDepth"":0,""totalNodes"":0,""cultureNodes"":0,""lastActivityAt"":""2026-02-13 14:37:42.800304+00"",""aiGeneratedNodes"":0}","[]",false,"""2026-02-12T01:33:37.743Z""","""2026-02-12T01:33:37.743Z"""
401ff61e-4ed5-41c1-8c8f-477191e3bafb,f3dedf79-5c5e-40fd-9513-d0fb0995d429,我的创作脉络,,tree,"{""theme"":""tianjin"",""autoSave"":true,""gridSize"":20,""showGrid"":true,""layoutType"":""tree"",""snapToGrid"":false}","{""maxDepth"":0,""totalNodes"":1,""cultureNodes"":0,""lastActivityAt"":""2026-02-13 14:37:42.800304+00"",""aiGeneratedNodes"":0}","[]",false,"""2026-02-12T06:01:04.233Z""","""2026-02-12T06:01:14.390Z"""
6627a8ad-e822-4e03-9754-875a9472d0c7,f3dedf79-5c5e-40fd-9513-d0fb0995d429,我的创作脉络,,tree,"{""theme"":""tianjin"",""autoSave"":true,""gridSize"":20,""showGrid"":true,""layoutType"":""tree"",""snapToGrid"":false}","{""maxDepth"":0,""totalNodes"":0,""cultureNodes"":0,""lastActivityAt"":""2026-02-13 14:37:42.800304+00"",""aiGeneratedNodes"":0}","[]",false,"""2026-02-12T06:21:20.463Z""","""2026-02-12T06:21:20.463Z"""
a66fc244-6b3e-4eb0-9791-33b142404e3b,f3dedf79-5c5e-40fd-9513-d0fb0995d429,我的创作脉络,,tree,"{""theme"":""tianjin"",""autoSave"":true,""gridSize"":20,""showGrid"":true,""layoutType"":""tree"",""snapToGrid"":false}","{""maxDepth"":0,""totalNodes"":1,""cultureNodes"":0,""lastActivityAt"":""2026-02-13 14:37:42.800304+00"",""aiGeneratedNodes"":0}","[]",false,"""2026-02-12T06:21:20.439Z""","""2026-02-12T06:21:27.940Z"""
018b4a54-7536-4d1a-a2d5-a7d532c3d956,f3dedf79-5c5e-40fd-9513-d0fb0995d429,我的创作脉络,,tree,"{""theme"":""tianjin"",""autoSave"":true,""gridSize"":20,""showGrid"":true,""layoutType"":""tree"",""snapToGrid"":false}","{""maxDepth"":0,""totalNodes"":0,""cultureNodes"":0,""lastActivityAt"":""2026-02-13 14:37:42.800304+00"",""aiGeneratedNodes"":0}","[]",false,"""2026-02-12T06:21:41.599Z""","""2026-02-12T06:21:41.599Z"""
ebeb39ff-5d89-4fa2-97b4-7f1a9f31b12c,f3dedf79-5c5e-40fd-9513-d0fb0995d429,我的创作脉络,,tree,"{""theme"":""tianjin"",""autoSave"":true,""gridSize"":20,""showGrid"":true,""layoutType"":""tree"",""snapToGrid"":false}","{""maxDepth"":0,""totalNodes"":0,""cultureNodes"":0,""lastActivityAt"":""2026-02-13 14:37:42.800304+00"",""aiGeneratedNodes"":0}","[]",false,"""2026-02-12T06:21:41.618Z""","""2026-02-12T06:23:46.175Z"""
64f95ced-764e-4687-bb96-c54d1fbd067a,f3dedf79-5c5e-40fd-9513-d0fb0995d429,我的创作脉络,,tree,"{""theme"":""tianjin"",""autoSave"":true,""gridSize"":20,""showGrid"":true,""layoutType"":""tree"",""snapToGrid"":false}","{""maxDepth"":0,""totalNodes"":0,""cultureNodes"":0,""lastActivityAt"":""2026-02-13 14:37:42.800304+00"",""aiGeneratedNodes"":0}","[]",false,"""2026-02-12T06:25:15.722Z""","""2026-02-12T06:25:15.722Z"""
35ad839f-c893-4803-8a01-d69b6d5a7a7b,f3dedf79-5c5e-40fd-9513-d0fb0995d429,我的创作脉络,,tree,"{""theme"":""tianjin"",""autoSave"":true,""gridSize"":20,""showGrid"":true,""layoutType"":""tree"",""snapToGrid"":false}","{""maxDepth"":0,""totalNodes"":0,""cultureNodes"":0,""lastActivityAt"":""2026-02-13 14:37:42.800304+00"",""aiGeneratedNodes"":0}","[]",false,"""2026-02-12T07:39:32.361Z""","""2026-02-12T07:39:32.361Z"""
0eeac38d-976d-4e18-b43e-481a172b9794,f3dedf79-5c5e-40fd-9513-d0fb0995d429,我的创作脉络,,tree,"{""theme"":""tianjin"",""autoSave"":true,""gridSize"":20,""showGrid"":true,""layoutType"":""tree"",""snapToGrid"":false}","{""maxDepth"":0,""totalNodes"":0,""cultureNodes"":0,""lastActivityAt"":""2026-02-13 14:37:42.800304+00"",""aiGeneratedNodes"":0}","[]",false,"""2026-02-12T07:39:32.374Z""","""2026-02-12T07:39:32.374Z"""
ad1ca6b4-f821-468f-95c1-26a9dd765c14,f3dedf79-5c5e-40fd-9513-d0fb0995d429,我的创作脉络,,tree,"{""theme"":""tianjin"",""autoSave"":true,""gridSize"":20,""showGrid"":true,""layoutType"":""tree"",""snapToGrid"":false}","{""maxDepth"":0,""totalNodes"":0,""cultureNodes"":0,""lastActivityAt"":""2026-02-13 14:37:42.800304+00"",""aiGeneratedNodes"":0}","[]",false,"""2026-02-12T07:44:02.275Z""","""2026-02-12T07:44:02.275Z"""
8e6fc279-99c7-4762-8a87-19367cebb93f,f3dedf79-5c5e-40fd-9513-d0fb0995d429,我的创作脉络,,tree,"{""theme"":""tianjin"",""autoSave"":true,""gridSize"":20,""showGrid"":true,""layoutType"":""tree"",""snapToGrid"":false}","{""maxDepth"":0,""totalNodes"":0,""cultureNodes"":0,""lastActivityAt"":""2026-02-13 14:37:42.800304+00"",""aiGeneratedNodes"":0}","[]",false,"""2026-02-12T07:44:02.281Z""","""2026-02-12T07:44:02.281Z"""
02b41988-8387-4e41-969e-d0d358a97dc3,f3dedf79-5c5e-40fd-9513-d0fb0995d429,我的创作脉络,,tree,"{""theme"":""tianjin"",""autoSave"":true,""gridSize"":20,""showGrid"":true,""layoutType"":""tree"",""snapToGrid"":false}","{""maxDepth"":0,""totalNodes"":0,""cultureNodes"":0,""lastActivityAt"":""2026-02-13 14:37:42.800304+00"",""aiGeneratedNodes"":0}","[]",false,"""2026-02-12T07:44:10.030Z""","""2026-02-12T07:44:10.030Z"""
11153a7e-c308-45f2-a0a6-d4afa6a9360a,f3dedf79-5c5e-40fd-9513-d0fb0995d429,我的创作脉络,,tree,"{""theme"":""tianjin"",""autoSave"":true,""gridSize"":20,""showGrid"":true,""layoutType"":""tree"",""snapToGrid"":false}","{""maxDepth"":0,""totalNodes"":0,""cultureNodes"":0,""lastActivityAt"":""2026-02-13 14:37:42.800304+00"",""aiGeneratedNodes"":0}","[]",false,"""2026-02-12T07:44:10.041Z""","""2026-02-12T07:44:10.041Z"""
0cd66313-9b28-4c9f-802c-953db498370f,f3dedf79-5c5e-40fd-9513-d0fb0995d429,我的创作脉络,,tree,"{""theme"":""tianjin"",""autoSave"":true,""gridSize"":20,""showGrid"":true,""layoutType"":""tree"",""snapToGrid"":false}","{""maxDepth"":0,""totalNodes"":0,""cultureNodes"":0,""lastActivityAt"":""2026-02-13 14:37:42.800304+00"",""aiGeneratedNodes"":0}","[]",false,"""2026-02-12T08:18:24.283Z""","""2026-02-12T08:18:24.283Z"""
358676d5-e06e-45db-bf08-8bf536a95990,f3dedf79-5c5e-40fd-9513-d0fb0995d429,我的创作脉络,,tree,"{""theme"":""tianjin"",""autoSave"":true,""gridSize"":20,""showGrid"":true,""layoutType"":""tree"",""snapToGrid"":false}","{""maxDepth"":0,""totalNodes"":0,""cultureNodes"":0,""lastActivityAt"":""2026-02-13 14:37:42.800304+00"",""aiGeneratedNodes"":0}","[]",false,"""2026-02-12T08:18:24.283Z""","""2026-02-12T08:18:24.283Z"""
3c36ca29-1523-437a-9f9c-b031038ccca9,f3dedf79-5c5e-40fd-9513-d0fb0995d429,我的创作脉络,,tree,"{""theme"":""tianjin"",""autoSave"":true,""gridSize"":20,""showGrid"":true,""layoutType"":""tree"",""snapToGrid"":false}","{""maxDepth"":0,""totalNodes"":0,""cultureNodes"":0,""lastActivityAt"":""2026-02-13 14:37:42.800304+00"",""aiGeneratedNodes"":0}","[]",false,"""2026-02-12T08:19:16.321Z""","""2026-02-12T08:19:16.321Z"""
06aba6bc-a5db-4a03-ad04-e42461cc203b,f3dedf79-5c5e-40fd-9513-d0fb0995d429,我的创作脉络,,tree,"{""theme"":""tianjin"",""autoSave"":true,""gridSize"":20,""showGrid"":true,""layoutType"":""tree"",""snapToGrid"":false}","{""maxDepth"":0,""totalNodes"":0,""cultureNodes"":0,""lastActivityAt"":""2026-02-13 14:37:42.800304+00"",""aiGeneratedNodes"":0}","[]",false,"""2026-02-12T08:19:16.321Z""","""2026-02-12T08:19:16.321Z"""
f6c1daf7-ff0a-441d-bb3b-b9b59518315e,f3dedf79-5c5e-40fd-9513-d0fb0995d429,我的创作脉络,,tree,"{""theme"":""tianjin"",""autoSave"":true,""gridSize"":20,""showGrid"":true,""layoutType"":""tree"",""snapToGrid"":false}","{""maxDepth"":0,""totalNodes"":0,""cultureNodes"":0,""lastActivityAt"":""2026-02-13 14:37:42.800304+00"",""aiGeneratedNodes"":0}","[]",false,"""2026-02-12T09:03:04.204Z""","""2026-02-12T09:03:04.204Z"""
0c0cedc2-9085-4de9-b594-c06cf11539ae,f3dedf79-5c5e-40fd-9513-d0fb0995d429,我的创作脉络,,tree,"{""theme"":""tianjin"",""autoSave"":true,""gridSize"":20,""showGrid"":true,""layoutType"":""tree"",""snapToGrid"":false}","{""maxDepth"":0,""totalNodes"":0,""cultureNodes"":0,""lastActivityAt"":""2026-02-13 14:37:42.800304+00"",""aiGeneratedNodes"":0}","[]",false,"""2026-02-12T09:03:04.204Z""","""2026-02-12T09:03:04.204Z"""
eed20ab1-59b4-4736-b786-05896201556f,f3dedf79-5c5e-40fd-9513-d0fb0995d429,我的创作脉络,,tree,"{""theme"":""tianjin"",""autoSave"":true,""gridSize"":20,""showGrid"":true,""layoutType"":""tree"",""snapToGrid"":false}","{""maxDepth"":0,""totalNodes"":0,""cultureNodes"":0,""lastActivityAt"":""2026-02-13 14:37:42.800304+00"",""aiGeneratedNodes"":0}","[]",false,"""2026-02-12T09:12:31.964Z""","""2026-02-12T09:12:31.964Z"""
7bef6c0c-eef3-411e-ba2c-ccd9813053db,f3dedf79-5c5e-40fd-9513-d0fb0995d429,我的创作脉络,,tree,"{""theme"":""tianjin"",""autoSave"":true,""gridSize"":20,""showGrid"":true,""layoutType"":""tree"",""snapToGrid"":false}","{""maxDepth"":0,""totalNodes"":0,""cultureNodes"":0,""lastActivityAt"":""2026-02-13 14:37:42.800304+00"",""aiGeneratedNodes"":0}","[]",false,"""2026-02-12T09:12:31.961Z""","""2026-02-12T09:12:31.961Z"""
6604f79a-3385-43f3-a152-380a48d55083,f3dedf79-5c5e-40fd-9513-d0fb0995d429,我的创作脉络,,tree,"{""theme"":""tianjin"",""autoSave"":true,""gridSize"":20,""showGrid"":true,""layoutType"":""tree"",""snapToGrid"":false}","{""maxDepth"":0,""totalNodes"":0,""cultureNodes"":0,""lastActivityAt"":""2026-02-13 14:37:42.800304+00"",""aiGeneratedNodes"":0}","[]",false,"""2026-02-12T09:25:11.304Z""","""2026-02-12T09:25:11.304Z"""
41c5d404-2616-4a93-9309-ebe0362fbbfb,f3dedf79-5c5e-40fd-9513-d0fb0995d429,我的创作脉络,,tree,"{""theme"":""tianjin"",""autoSave"":true,""gridSize"":20,""showGrid"":true,""layoutType"":""tree"",""snapToGrid"":false}","{""maxDepth"":0,""totalNodes"":0,""cultureNodes"":0,""lastActivityAt"":""2026-02-13 14:37:42.800304+00"",""aiGeneratedNodes"":0}","[]",false,"""2026-02-12T09:25:11.304Z""","""2026-02-12T09:25:11.304Z"""
2831c0d6-53b3-4d23-a46f-14ca44797fd6,f3dedf79-5c5e-40fd-9513-d0fb0995d429,我的创作脉络,,tree,"{""theme"":""tianjin"",""autoSave"":true,""gridSize"":20,""showGrid"":true,""layoutType"":""tree"",""snapToGrid"":false}","{""maxDepth"":0,""totalNodes"":0,""cultureNodes"":0,""lastActivityAt"":""2026-02-13 14:37:42.800304+00"",""aiGeneratedNodes"":0}","[]",false,"""2026-02-12T09:25:13.037Z""","""2026-02-12T09:25:13.037Z"""
8b1b5959-dcef-4f7c-9e9f-d61a4d65cbb5,f3dedf79-5c5e-40fd-9513-d0fb0995d429,我的创作脉络,,tree,"{""theme"":""tianjin"",""autoSave"":true,""gridSize"":20,""showGrid"":true,""layoutType"":""tree"",""snapToGrid"":false}","{""maxDepth"":0,""totalNodes"":0,""cultureNodes"":0,""lastActivityAt"":""2026-02-13 14:37:42.800304+00"",""aiGeneratedNodes"":0}","[]",false,"""2026-02-12T10:27:56.941Z""","""2026-02-12T10:27:56.941Z"""
5d6493d0-af03-457a-b742-39ab1e157862,f3dedf79-5c5e-40fd-9513-d0fb0995d429,我的创作脉络,,tree,"{""theme"":""tianjin"",""autoSave"":true,""gridSize"":20,""showGrid"":true,""layoutType"":""tree"",""snapToGrid"":false}","{""maxDepth"":0,""totalNodes"":0,""cultureNodes"":0,""lastActivityAt"":""2026-02-13 14:37:42.800304+00"",""aiGeneratedNodes"":0}","[]",false,"""2026-02-12T10:27:56.942Z""","""2026-02-12T10:27:56.942Z"""
deb7880c-190d-4d05-9401-77421e503298,f3dedf79-5c5e-40fd-9513-d0fb0995d429,我的创作脉络,,tree,"{""theme"":""tianjin"",""autoSave"":true,""gridSize"":20,""showGrid"":true,""layoutType"":""tree"",""snapToGrid"":false}","{""maxDepth"":0,""totalNodes"":0,""cultureNodes"":0,""lastActivityAt"":""2026-02-13 14:37:42.800304+00"",""aiGeneratedNodes"":0}","[]",false,"""2026-02-12T12:40:33.580Z""","""2026-02-12T12:40:33.580Z"""
36b7afc8-9d36-4bab-a4d6-ac0d2d8ccc0d,f3dedf79-5c5e-40fd-9513-d0fb0995d429,我的创作脉络,,tree,"{""theme"":""tianjin"",""autoSave"":true,""gridSize"":20,""showGrid"":true,""layoutType"":""tree"",""snapToGrid"":false}","{""maxDepth"":0,""totalNodes"":0,""cultureNodes"":0,""lastActivityAt"":""2026-02-13 14:37:42.800304+00"",""aiGeneratedNodes"":0}","[]",false,"""2026-02-12T12:40:33.580Z""","""2026-02-12T12:40:33.580Z"""
3c10b9ee-4e9f-42a9-914a-e0c731c5440c,f3dedf79-5c5e-40fd-9513-d0fb0995d429,我的创作脉络,,tree,"{""theme"":""tianjin"",""autoSave"":true,""gridSize"":20,""showGrid"":true,""layoutType"":""tree"",""snapToGrid"":false}","{""maxDepth"":0,""totalNodes"":0,""cultureNodes"":0,""lastActivityAt"":""2026-02-13 14:37:42.800304+00"",""aiGeneratedNodes"":0}","[]",false,"""2026-02-13T06:12:42.464Z""","""2026-02-13T06:12:42.464Z"""
d1f36087-d6f1-42c7-a904-5e22f3d2c59e,f3dedf79-5c5e-40fd-9513-d0fb0995d429,我的创作脉络,,tree,"{""theme"":""tianjin"",""autoSave"":true,""gridSize"":20,""showGrid"":true,""layoutType"":""tree"",""snapToGrid"":false}","{""maxDepth"":0,""totalNodes"":0,""cultureNodes"":0,""lastActivityAt"":""2026-02-13 14:37:42.800304+00"",""aiGeneratedNodes"":0}","[]",false,"""2026-02-13T06:12:42.471Z""","""2026-02-13T06:12:42.471Z"""
50ec4c80-31f9-457e-b087-a4bc96e71bc9,f3dedf79-5c5e-40fd-9513-d0fb0995d429,我的创作脉络,,tree,"{""theme"":""tianjin"",""autoSave"":true,""gridSize"":20,""showGrid"":true,""layoutType"":""tree"",""snapToGrid"":false}","{""maxDepth"":0,""totalNodes"":0,""cultureNodes"":0,""lastActivityAt"":""2026-02-13 14:37:42.800304+00"",""aiGeneratedNodes"":0}","[]",false,"""2026-02-13T06:12:43.502Z""","""2026-02-13T06:12:43.502Z"""
c8aa0f53-e265-4d4e-8aed-9414f32a030c,f3dedf79-5c5e-40fd-9513-d0fb0995d429,我的创作脉络,,tree,"{""theme"":""tianjin"",""autoSave"":true,""gridSize"":20,""showGrid"":true,""layoutType"":""tree"",""snapToGrid"":false}","{""maxDepth"":0,""totalNodes"":0,""cultureNodes"":0,""lastActivityAt"":""2026-02-13 14:37:42.800304+00"",""aiGeneratedNodes"":0}","[]",false,"""2026-02-13T06:12:43.499Z""","""2026-02-13T06:12:43.499Z"""
2499e7c2-621b-4bae-9dc2-deb5abce1993,f3dedf79-5c5e-40fd-9513-d0fb0995d429,我的创作脉络,,tree,"{""theme"":""tianjin"",""autoSave"":true,""gridSize"":20,""showGrid"":true,""layoutType"":""tree"",""snapToGrid"":false}","{""maxDepth"":0,""totalNodes"":0,""cultureNodes"":0,""lastActivityAt"":""2026-02-13 14:37:42.800304+00"",""aiGeneratedNodes"":0}","[]",false,"""2026-02-13T06:12:46.527Z""","""2026-02-13T06:12:46.527Z"""
d21d9bb8-a592-42e4-be17-9eb7c9ddce85,f3dedf79-5c5e-40fd-9513-d0fb0995d429,我的创作脉络,,tree,"{""theme"":""tianjin"",""autoSave"":true,""gridSize"":20,""showGrid"":true,""layoutType"":""tree"",""snapToGrid"":false}","{""maxDepth"":0,""totalNodes"":0,""cultureNodes"":0,""lastActivityAt"":""2026-02-13 14:37:42.800304+00"",""aiGeneratedNodes"":0}","[]",false,"""2026-02-13T06:12:46.530Z""","""2026-02-13T06:12:46.530Z"""
bbb93173-936a-41db-af63-2c0097dbce4d,f3dedf79-5c5e-40fd-9513-d0fb0995d429,我的创作脉络,,tree,"{""theme"":""tianjin"",""autoSave"":true,""gridSize"":20,""showGrid"":true,""layoutType"":""tree"",""snapToGrid"":false}","{""maxDepth"":0,""totalNodes"":0,""cultureNodes"":0,""lastActivityAt"":""2026-02-13 14:37:42.800304+00"",""aiGeneratedNodes"":0}","[]",false,"""2026-02-13T06:16:28.001Z""","""2026-02-13T06:16:28.001Z"""
375f6765-108c-4301-b2f3-afa7a7a0835e,f3dedf79-5c5e-40fd-9513-d0fb0995d429,我的创作脉络,,tree,"{""theme"":""tianjin"",""autoSave"":true,""gridSize"":20,""showGrid"":true,""layoutType"":""tree"",""snapToGrid"":false}","{""maxDepth"":0,""totalNodes"":0,""cultureNodes"":0,""lastActivityAt"":""2026-02-13 14:37:42.800304+00"",""aiGeneratedNodes"":0}","[]",false,"""2026-02-13T06:16:34.072Z""","""2026-02-13T06:16:34.072Z"""
eb8b14a0-038a-45fa-8dd7-74de222a9597,f3dedf79-5c5e-40fd-9513-d0fb0995d429,我的创作脉络,,tree,"{""theme"":""tianjin"",""autoSave"":true,""gridSize"":20,""showGrid"":true,""layoutType"":""tree"",""snapToGrid"":false}","{""maxDepth"":0,""totalNodes"":0,""cultureNodes"":0,""lastActivityAt"":""2026-02-13 14:37:42.800304+00"",""aiGeneratedNodes"":0}","[]",false,"""2026-02-13T06:16:34.099Z""","""2026-02-13T06:16:34.099Z"""
fa70805e-7442-4cea-b92c-fb56b1aaa461,f3dedf79-5c5e-40fd-9513-d0fb0995d429,我的创作脉络,,tree,"{""theme"":""tianjin"",""autoSave"":true,""gridSize"":20,""showGrid"":true,""layoutType"":""tree"",""snapToGrid"":false}","{""maxDepth"":0,""totalNodes"":0,""cultureNodes"":0,""lastActivityAt"":""2026-02-13 14:37:42.800304+00"",""aiGeneratedNodes"":0}","[]",false,"""2026-02-13T06:33:54.516Z""","""2026-02-13T06:33:54.516Z"""
5dd38ee2-17cf-4b56-8ae0-376db8f5cf9c,f3dedf79-5c5e-40fd-9513-d0fb0995d429,我的创作脉络,,tree,"{""theme"":""tianjin"",""autoSave"":true,""gridSize"":20,""showGrid"":true,""layoutType"":""tree"",""snapToGrid"":false}","{""maxDepth"":0,""totalNodes"":0,""cultureNodes"":0,""lastActivityAt"":""2026-02-13 14:37:42.800304+00"",""aiGeneratedNodes"":0}","[]",false,"""2026-02-13T06:33:54.524Z""","""2026-02-13T06:33:54.524Z"""
7d08075b-e2e1-4578-ac01-8779ba660a5a,f3dedf79-5c5e-40fd-9513-d0fb0995d429,我的创作脉络,,tree,"{""theme"":""tianjin"",""autoSave"":true,""gridSize"":20,""showGrid"":true,""layoutType"":""tree"",""snapToGrid"":false}","{""maxDepth"":0,""totalNodes"":0,""cultureNodes"":0,""lastActivityAt"":""2026-02-13 14:37:42.800304+00"",""aiGeneratedNodes"":0}","[]",false,"""2026-02-13T10:19:46.880Z""","""2026-02-13T10:19:46.880Z"""
0d3bf070-7fe9-463d-84fb-105c7b5a6a39,f3dedf79-5c5e-40fd-9513-d0fb0995d429,我的创作脉络,,tree,"{""theme"":""tianjin"",""autoSave"":true,""gridSize"":20,""showGrid"":true,""layoutType"":""tree"",""snapToGrid"":false}","{""maxDepth"":0,""totalNodes"":0,""cultureNodes"":0,""lastActivityAt"":""2026-02-13 14:37:42.800304+00"",""aiGeneratedNodes"":0}","[]",false,"""2026-02-13T10:19:46.880Z""","""2026-02-13T10:19:46.880Z"""
794ea210-a4c6-4090-9ba8-2b22501a371c,00e1a36a-a77b-4bcc-b604-c5655a4ce802,我的创作脉络,,tree,"{""theme"":""tianjin"",""autoSave"":true,""gridSize"":20,""showGrid"":true,""layoutType"":""tree"",""snapToGrid"":false}","{""maxDepth"":0,""totalNodes"":0,""cultureNodes"":0,""lastActivityAt"":""2026-02-13 14:37:42.800304+00"",""aiGeneratedNodes"":0}","[]",false,"""2026-02-13T12:08:17.577Z""","""2026-02-13T12:08:17.577Z"""
35fb9a10-faa5-4478-bc9a-89636c842981,00e1a36a-a77b-4bcc-b604-c5655a4ce802,我的创作脉络,,tree,"{""theme"":""tianjin"",""autoSave"":true,""gridSize"":20,""showGrid"":true,""layoutType"":""tree"",""snapToGrid"":false}","{""maxDepth"":0,""totalNodes"":0,""cultureNodes"":0,""lastActivityAt"":""2026-02-13 14:37:42.800304+00"",""aiGeneratedNodes"":0}","[]",false,"""2026-02-13T12:18:47.482Z""","""2026-02-13T12:18:47.482Z"""
18c9ec1a-0ca8-41aa-987a-f2604ef515cf,f3dedf79-5c5e-40fd-9513-d0fb0995d429,我的创作脉络,,tree,"{""theme"":""tianjin"",""autoSave"":true,""gridSize"":20,""showGrid"":true,""layoutType"":""tree"",""snapToGrid"":false}","{""maxDepth"":0,""totalNodes"":0,""cultureNodes"":0,""lastActivityAt"":""2026-02-13 14:37:42.800304+00"",""aiGeneratedNodes"":0}","[]",false,"""2026-02-13T12:48:55.116Z""","""2026-02-13T12:48:55.116Z"""
b6a019b4-b216-44a5-9915-bc263a9ba96f,f3dedf79-5c5e-40fd-9513-d0fb0995d429,我的创作脉络,,tree,"{""theme"":""tianjin"",""autoSave"":true,""gridSize"":20,""showGrid"":true,""layoutType"":""tree"",""snapToGrid"":false}","{""maxDepth"":0,""totalNodes"":0,""cultureNodes"":0,""lastActivityAt"":""2026-02-13 14:37:42.800304+00"",""aiGeneratedNodes"":0}","[]",false,"""2026-02-13T12:48:55.116Z""","""2026-02-13T12:48:55.116Z"""
60daf612-9215-4c7c-9cb8-7a3e19dacb51,f3dedf79-5c5e-40fd-9513-d0fb0995d429,我的创作脉络,,tree,"{""theme"":""tianjin"",""autoSave"":true,""gridSize"":20,""showGrid"":true,""layoutType"":""tree"",""snapToGrid"":false}","{""maxDepth"":0,""totalNodes"":0,""cultureNodes"":0,""lastActivityAt"":""2026-02-13 14:37:42.800304+00"",""aiGeneratedNodes"":0}","[]",false,"""2026-02-13T13:31:06.877Z""","""2026-02-13T13:31:06.877Z"""
f22800f7-c9b0-40a8-a922-7a50d8c3385e,f3dedf79-5c5e-40fd-9513-d0fb0995d429,我的创作脉络,,tree,"{""theme"":""tianjin"",""autoSave"":true,""gridSize"":20,""showGrid"":true,""layoutType"":""tree"",""snapToGrid"":false}","{""maxDepth"":0,""totalNodes"":0,""cultureNodes"":0,""lastActivityAt"":""2026-02-13 14:37:42.800304+00"",""aiGeneratedNodes"":0}","[]",false,"""2026-02-13T13:31:06.897Z""","""2026-02-13T13:31:06.897Z"""
3f58ae8b-eb95-46cb-8342-0ab7b86386cd,478c134c-c5c2-4c01-827b-d142352d4873,我的创作脉络,,tree,"{""theme"":""tianjin"",""autoSave"":true,""gridSize"":20,""showGrid"":true,""layoutType"":""tree"",""snapToGrid"":false}","{""maxDepth"":0,""totalNodes"":0,""cultureNodes"":0,""lastActivityAt"":""2026-02-13 14:37:42.800304+00"",""aiGeneratedNodes"":0}","[]",false,"""2026-02-13T13:32:32.454Z""","""2026-02-13T13:32:32.454Z"""
ba3d94ba-af3c-47d6-b895-cac9f6124d38,f3dedf79-5c5e-40fd-9513-d0fb0995d429,我的创作脉络,,tree,"{""theme"":""tianjin"",""autoSave"":true,""gridSize"":20,""showGrid"":true,""layoutType"":""tree"",""snapToGrid"":false}","{""maxDepth"":0,""totalNodes"":0,""cultureNodes"":0,""lastActivityAt"":""2026-02-13 14:37:42.800304+00"",""aiGeneratedNodes"":0}","[]",false,"""2026-02-13T13:51:42.754Z""","""2026-02-13T13:51:42.754Z"""
85f898ea-5927-4e5b-8091-a0f60733e4a4,f3dedf79-5c5e-40fd-9513-d0fb0995d429,我的创作脉络,,tree,"{""theme"":""tianjin"",""autoSave"":true,""gridSize"":20,""showGrid"":true,""layoutType"":""tree"",""snapToGrid"":false}","{""maxDepth"":0,""totalNodes"":0,""cultureNodes"":0,""lastActivityAt"":""2026-02-13 14:37:42.800304+00"",""aiGeneratedNodes"":0}","[]",false,"""2026-02-13T13:51:42.756Z""","""2026-02-13T13:51:42.756Z"""
535e88db-f1a6-4cdf-a398-5aed9692e2ef,f3dedf79-5c5e-40fd-9513-d0fb0995d429,我的创作脉络,,tree,"{""theme"":""tianjin"",""autoSave"":true,""gridSize"":20,""showGrid"":true,""layoutType"":""tree"",""snapToGrid"":false}","{""maxDepth"":0,""totalNodes"":0,""cultureNodes"":0,""lastActivityAt"":""2026-02-13 14:37:42.800304+00"",""aiGeneratedNodes"":0}","[]",false,"""2026-02-13T13:54:11.856Z""","""2026-02-13T13:54:11.856Z"""
8609a384-ae13-4a9d-8fd9-f757852b8644,f3dedf79-5c5e-40fd-9513-d0fb0995d429,我的创作脉络,,tree,"{""theme"":""tianjin"",""autoSave"":true,""gridSize"":20,""showGrid"":true,""layoutType"":""tree"",""snapToGrid"":false}","{""maxDepth"":0,""totalNodes"":0,""cultureNodes"":0,""lastActivityAt"":""2026-02-13 14:37:42.800304+00"",""aiGeneratedNodes"":0}","[]",false,"""2026-02-13T13:54:11.857Z""","""2026-02-13T13:54:11.857Z"""
c10476dc-b146-4220-afca-84ac6ef3d0b5,f3dedf79-5c5e-40fd-9513-d0fb0995d429,我的创作脉络,,tree,"{""theme"":""tianjin"",""autoSave"":true,""gridSize"":20,""showGrid"":true,""layoutType"":""tree"",""snapToGrid"":false}","{""maxDepth"":0,""totalNodes"":0,""cultureNodes"":0,""lastActivityAt"":""2026-02-13 14:37:42.800304+00"",""aiGeneratedNodes"":0}","[]",false,"""2026-02-13T13:54:37.724Z""","""2026-02-13T13:54:37.724Z"""
14e8af56-73a5-4102-838d-e2aee98b3c70,f3dedf79-5c5e-40fd-9513-d0fb0995d429,我的创作脉络,,tree,"{""theme"":""tianjin"",""autoSave"":true,""gridSize"":20,""showGrid"":true,""layoutType"":""tree"",""snapToGrid"":false}","{""maxDepth"":0,""totalNodes"":0,""cultureNodes"":0,""lastActivityAt"":""2026-02-13 14:37:42.800304+00"",""aiGeneratedNodes"":0}","[]",false,"""2026-02-13T13:56:51.947Z""","""2026-02-13T13:56:51.947Z"""
640f7312-ef95-49fc-a73b-388e7c504ba0,f3dedf79-5c5e-40fd-9513-d0fb0995d429,我的创作脉络,,tree,"{""theme"":""tianjin"",""autoSave"":true,""gridSize"":20,""showGrid"":true,""layoutType"":""tree"",""snapToGrid"":false}","{""maxDepth"":0,""totalNodes"":0,""cultureNodes"":0,""lastActivityAt"":""2026-02-13 14:37:42.800304+00"",""aiGeneratedNodes"":0}","[]",false,"""2026-02-13T13:56:51.947Z""","""2026-02-13T13:56:51.947Z"""
7313d982-ee50-425b-9189-a4ea81aa22ca,f3dedf79-5c5e-40fd-9513-d0fb0995d429,我的创作脉络,,tree,"{""theme"":""tianjin"",""autoSave"":true,""gridSize"":20,""showGrid"":true,""layoutType"":""tree"",""snapToGrid"":false}","{""maxDepth"":0,""totalNodes"":0,""cultureNodes"":0,""lastActivityAt"":""2026-02-13 14:37:42.800304+00"",""aiGeneratedNodes"":0}","[]",false,"""2026-02-13T13:59:36.797Z""","""2026-02-13T13:59:36.797Z"""
7726b67a-3499-491f-8335-d0a8105b6d34,f3dedf79-5c5e-40fd-9513-d0fb0995d429,我的创作脉络,,tree,"{""theme"":""tianjin"",""autoSave"":true,""gridSize"":20,""showGrid"":true,""layoutType"":""tree"",""snapToGrid"":false}","{""maxDepth"":0,""totalNodes"":0,""cultureNodes"":0,""lastActivityAt"":""2026-02-13 14:37:42.800304+00"",""aiGeneratedNodes"":0}","[]",false,"""2026-02-13T13:59:36.802Z""","""2026-02-13T13:59:36.802Z"""
7a2deb5f-79d4-403c-825d-6a609e55a335,f3dedf79-5c5e-40fd-9513-d0fb0995d429,我的创作脉络,,tree,"{""theme"":""tianjin"",""autoSave"":true,""gridSize"":20,""showGrid"":true,""layoutType"":""tree"",""snapToGrid"":false}","{""maxDepth"":0,""totalNodes"":0,""cultureNodes"":0,""lastActivityAt"":""2026-02-13 14:37:42.800304+00"",""aiGeneratedNodes"":0}","[]",false,"""2026-02-13T14:01:25.309Z""","""2026-02-13T14:01:25.309Z"""
5bf845bf-b9ad-4a00-b5d2-49d8483a1fc6,f3dedf79-5c5e-40fd-9513-d0fb0995d429,我的创作脉络,,tree,"{""theme"":""tianjin"",""autoSave"":true,""gridSize"":20,""showGrid"":true,""layoutType"":""tree"",""snapToGrid"":false}","{""maxDepth"":0,""totalNodes"":0,""cultureNodes"":0,""lastActivityAt"":""2026-02-13 14:37:42.800304+00"",""aiGeneratedNodes"":0}","[]",false,"""2026-02-13T14:01:25.309Z""","""2026-02-13T14:01:25.309Z"""
ead7c07c-e960-4f89-83c4-2248b58a2012,f3dedf79-5c5e-40fd-9513-d0fb0995d429,我的创作脉络,,tree,"{""theme"":""tianjin"",""autoSave"":true,""gridSize"":20,""showGrid"":true,""layoutType"":""tree"",""snapToGrid"":false}","{""maxDepth"":0,""totalNodes"":0,""cultureNodes"":0,""lastActivityAt"":""2026-02-13 14:37:42.800304+00"",""aiGeneratedNodes"":0}","[]",false,"""2026-02-13T14:01:58.889Z""","""2026-02-13T14:01:58.889Z"""
ec9e0f6e-2d32-4ff4-86b4-1cbe90570736,f3dedf79-5c5e-40fd-9513-d0fb0995d429,我的创作脉络,,tree,"{""theme"":""tianjin"",""autoSave"":true,""gridSize"":20,""showGrid"":true,""layoutType"":""tree"",""snapToGrid"":false}","{""maxDepth"":0,""totalNodes"":0,""cultureNodes"":0,""lastActivityAt"":""2026-02-13 14:37:42.800304+00"",""aiGeneratedNodes"":0}","[]",false,"""2026-02-13T14:01:58.893Z""","""2026-02-13T14:01:58.893Z"""
e77fd463-d6c7-4152-8715-12ab77613fd8,f3dedf79-5c5e-40fd-9513-d0fb0995d429,我的创作脉络,,tree,"{""theme"":""tianjin"",""autoSave"":true,""gridSize"":20,""showGrid"":true,""layoutType"":""tree"",""snapToGrid"":false}","{""maxDepth"":0,""totalNodes"":0,""cultureNodes"":0,""lastActivityAt"":""2026-02-13 14:37:42.800304+00"",""aiGeneratedNodes"":0}","[]",false,"""2026-02-13T14:02:32.220Z""","""2026-02-13T14:02:32.220Z"""
a6e8eb70-83ef-4ac4-bf2b-a348db388cc3,f3dedf79-5c5e-40fd-9513-d0fb0995d429,我的创作脉络,,tree,"{""theme"":""tianjin"",""autoSave"":true,""gridSize"":20,""showGrid"":true,""layoutType"":""tree"",""snapToGrid"":false}","{""maxDepth"":0,""totalNodes"":0,""cultureNodes"":0,""lastActivityAt"":""2026-02-13 14:37:42.800304+00"",""aiGeneratedNodes"":0}","[]",false,"""2026-02-13T14:02:32.230Z""","""2026-02-13T14:02:32.230Z"""
1f5dc324-c69b-4b04-9cb9-82d57b1424c5,f3dedf79-5c5e-40fd-9513-d0fb0995d429,我的创作脉络,,tree,"{""theme"":""tianjin"",""autoSave"":true,""gridSize"":20,""showGrid"":true,""layoutType"":""tree"",""snapToGrid"":false}","{""maxDepth"":0,""totalNodes"":0,""cultureNodes"":0,""lastActivityAt"":""2026-02-13 14:37:42.800304+00"",""aiGeneratedNodes"":0}","[]",false,"""2026-02-13T14:22:49.832Z""","""2026-02-13T14:22:49.832Z"""
d1cce4fd-302b-4131-ba8d-577e56df190b,f3dedf79-5c5e-40fd-9513-d0fb0995d429,我的创作脉络,,tree,"{""theme"":""tianjin"",""autoSave"":true,""gridSize"":20,""showGrid"":true,""layoutType"":""tree"",""snapToGrid"":false}","{""maxDepth"":0,""totalNodes"":0,""cultureNodes"":0,""lastActivityAt"":""2026-02-13 14:37:42.800304+00"",""aiGeneratedNodes"":0}","[]",false,"""2026-02-13T14:22:49.832Z""","""2026-02-13T14:22:49.832Z"""
e5be6327-0304-4c2c-86dc-ec1ce4a7152e,f3dedf79-5c5e-40fd-9513-d0fb0995d429,我的创作脉络,,tree,"{""theme"":""tianjin"",""autoSave"":true,""gridSize"":20,""showGrid"":true,""layoutType"":""tree"",""snapToGrid"":false}","{""maxDepth"":0,""totalNodes"":0,""cultureNodes"":0,""lastActivityAt"":""2026-02-13 14:37:42.800304+00"",""aiGeneratedNodes"":0}","[]",false,"""2026-02-13T14:23:53.610Z""","""2026-02-13T14:23:53.610Z"""
00e20162-6c2d-40e4-a7f8-ed3d188a78a5,f3dedf79-5c5e-40fd-9513-d0fb0995d429,我的创作脉络,,tree,"{""theme"":""tianjin"",""autoSave"":true,""gridSize"":20,""showGrid"":true,""layoutType"":""tree"",""snapToGrid"":false}","{""maxDepth"":0,""totalNodes"":0,""cultureNodes"":0,""lastActivityAt"":""2026-02-13 14:37:42.800304+00"",""aiGeneratedNodes"":0}","[]",false,"""2026-02-13T14:23:53.627Z""","""2026-02-13T14:23:53.627Z"""
09fd4f0a-d498-4fca-8042-f342a08f7ff9,f3dedf79-5c5e-40fd-9513-d0fb0995d429,我的创作脉络,,tree,"{""theme"":""tianjin"",""autoSave"":true,""gridSize"":20,""showGrid"":true,""layoutType"":""tree"",""snapToGrid"":false}","{""maxDepth"":0,""totalNodes"":0,""cultureNodes"":0,""lastActivityAt"":""2026-02-13 14:37:42.800304+00"",""aiGeneratedNodes"":0}","[]",false,"""2026-02-13T14:25:42.072Z""","""2026-02-13T14:25:42.072Z"""
ad58611c-f331-4d93-b7ae-245ef1b5bb0a,f3dedf79-5c5e-40fd-9513-d0fb0995d429,我的创作脉络,,tree,"{""theme"":""tianjin"",""autoSave"":true,""gridSize"":20,""showGrid"":true,""layoutType"":""tree"",""snapToGrid"":false}","{""maxDepth"":0,""totalNodes"":0,""cultureNodes"":0,""lastActivityAt"":""2026-02-13 14:37:42.800304+00"",""aiGeneratedNodes"":0}","[]",false,"""2026-02-13T14:25:42.086Z""","""2026-02-13T14:25:42.086Z"""
1ac5047d-2231-4a4c-8f6d-46e0c3fadb79,f3dedf79-5c5e-40fd-9513-d0fb0995d429,我的创作脉络,,tree,"{""theme"":""tianjin"",""autoSave"":true,""gridSize"":20,""showGrid"":true,""layoutType"":""tree"",""snapToGrid"":false}","{""maxDepth"":0,""totalNodes"":0,""cultureNodes"":0,""lastActivityAt"":""2026-02-13 14:37:42.800304+00"",""aiGeneratedNodes"":0}","[]",false,"""2026-02-13T14:30:39.610Z""","""2026-02-13T14:30:39.610Z"""
1129d074-ba06-49fa-aeae-c8ef728ae110,f3dedf79-5c5e-40fd-9513-d0fb0995d429,我的创作脉络,,tree,"{""theme"":""tianjin"",""autoSave"":true,""gridSize"":20,""showGrid"":true,""layoutType"":""tree"",""snapToGrid"":false}","{""maxDepth"":0,""totalNodes"":0,""cultureNodes"":0,""lastActivityAt"":""2026-02-13 14:37:42.800304+00"",""aiGeneratedNodes"":0}","[]",false,"""2026-02-13T14:30:39.610Z""","""2026-02-13T14:30:39.610Z"""
7c737652-770e-46ff-af32-7d97cf61cee8,f3dedf79-5c5e-40fd-9513-d0fb0995d429,我的创作脉络,,tree,"{""theme"":""tianjin"",""autoSave"":true,""gridSize"":20,""showGrid"":true,""layoutType"":""tree"",""snapToGrid"":false}","{""maxDepth"":0,""totalNodes"":0,""cultureNodes"":0,""lastActivityAt"":""2026-02-13 14:37:42.800304+00"",""aiGeneratedNodes"":0}","[]",false,"""2026-02-13T14:31:14.470Z""","""2026-02-13T14:31:14.470Z"""
2229658d-2931-4d53-92c1-de78acade190,f3dedf79-5c5e-40fd-9513-d0fb0995d429,我的创作脉络,,tree,"{""theme"":""tianjin"",""autoSave"":true,""gridSize"":20,""showGrid"":true,""layoutType"":""tree"",""snapToGrid"":false}","{""maxDepth"":0,""totalNodes"":0,""cultureNodes"":0,""lastActivityAt"":""2026-02-13 14:37:42.800304+00"",""aiGeneratedNodes"":0}","[]",false,"""2026-02-13T14:31:14.475Z""","""2026-02-13T14:31:14.475Z"""
17c7b610-6b8d-4105-8802-6d33488a3559,f3dedf79-5c5e-40fd-9513-d0fb0995d429,我的创作脉络,,tree,"{""theme"":""tianjin"",""autoSave"":true,""gridSize"":20,""showGrid"":true,""layoutType"":""tree"",""snapToGrid"":false}","{""maxDepth"":0,""totalNodes"":0,""cultureNodes"":0,""lastActivityAt"":1771146241650,""aiGeneratedNodes"":0}","[]",false,"""2026-02-15T09:04:02.359Z""","""2026-02-15T09:04:02.359Z"""
80938392-7beb-4ad2-9566-1b2f09277134,f3dedf79-5c5e-40fd-9513-d0fb0995d429,我的创作脉络,,tree,"{""theme"":""tianjin"",""autoSave"":true,""gridSize"":20,""showGrid"":true,""layoutType"":""tree"",""snapToGrid"":false}","{""maxDepth"":0,""totalNodes"":0,""cultureNodes"":0,""lastActivityAt"":1771147056545,""aiGeneratedNodes"":0}","[]",false,"""2026-02-15T09:17:37.055Z""","""2026-02-15T09:17:37.055Z"""
ac4cff07-ed9a-4803-a3d5-23a88f0bb0cd,00e1a36a-a77b-4bcc-b604-c5655a4ce802,我的创作脉络,,tree,"{""theme"":""tianjin"",""autoSave"":true,""gridSize"":20,""showGrid"":true,""layoutType"":""tree"",""snapToGrid"":false}","{""maxDepth"":0,""totalNodes"":101,""cultureNodes"":0,""lastActivityAt"":""2026-03-04 07:34:19.329096+00"",""aiGeneratedNodes"":95}","[]",false,"""2026-02-13T13:30:58.212Z""","""2026-03-04T07:34:19.329Z"""